text	EmotionES-Axel	EmotionES-Ana	EmotionES-Fernando	EmotionES-Mauro	EmotionES-Machine	Emotion-ES-Machine	EmotionES-Humans	PNNES-Humans	PNNES-Machine
El Estado va a duplicar la inversi√≥n en la compra de libros para bibliotecas populares. El acceso a la cultura y la lectura es un derecho de las y los argentinos. Conoc√© m√°s en https://t.co/SVivuI6K0E #ArgentinaUnida https://t.co/a7x1rbvz8b	Trust	Trust	No emotion	Trust	Disgust	Disgust	Trust	Pos	Neg
@CasaRosada @alferdez Disculpe pero en lomas los comercios de alimentos para mascotas no les esta quedando stock xq no los dejan circular, no consideran que sea esencial. Vamos a la desidia total as√≠ y es mentira la seren√≠sima NO ENTREGA LECHE EN LOMAS NO HAY LACTEOS.PRECIOS X LAS NUBESaumentosadiario	Anger	Anger	Fear	Sadness	Anger	Anger	Anger	Neg	Neg
@alferdez ¬øno hace un llamamiento internacional por la liberaci√≥n de los presos pol√≠ticos y los riesgos de mayores cr√≠menes de Estado en #Venezuela ante #coronavirus? La s√°dica Delcy hace el panorama todav√≠a m√°s t√©trico. #MFCArgent	Surprise	Fear	Disgust	Fear	Fear	Fear	Fear	Neg	Neg
@CasaRosada @danielscioli y cuando se van a acordar de los empleados de comercio eh... S√≥lo trabajamos y brindamos todo pero sin ning√∫n beneficio es m√°s tenemos m√°s en contra si nos contagiamos que haciendo cuarentena SE√ëOR PRESIDENTE ...	Anger	Anger	Anger	Disgust	Joy	Joy	Anger	Neg	Pos
@CasaRosada @alferdez Los comercios que est√°n permitidos y son los pocos que siguen trabajando en esta sociedad, se est√°n aprovechando de nosotros con los precios.	Sadness	Anger	Sadness	Anger	No emotion	No emotion			Neu
@CasaRosada Se deber√≠a aprovechar estos 2 d√≠as de feriado y decretar el cierre total de comercios y transportes , porque si abren shoppings y supermercados estamos en la misma, se llenan hasta las bolas. Tiene que ser por la fuerza ya que el argentino no entiende sino...	Fear	Anger	Disgust	Anger	Surprise	Surprise	Anger	Neg	Neu
@CasaRosada Es muy necesario el posnet obligatorio en todos los comercios chicos de la pcia de Buenos Aires, para evitar colas en los cajeros a veces de horas y encontrarse sin dinero o ir a procurarselo a trav√©s de las colas en los bancos.	Fear	Fear	No emotion	Fear	Joy	Joy	Fear	Neg	Pos
El presidente Alberto Fern√°ndez dialog√≥ con el vicepresidente del Banco Mundial, que le comunic√≥ que el organismo brindar√° un apoyo presupuestario a la Argentina de 300 millones de d√≥lares https://t.co/ArXnqZQZlX https://t.co/KTwCD0e4nE	No emotion	Trust	No emotion	No emotion	Surprise	Surprise	No emotion	Neu	Neu
@CasaRosada @alferdez @CFKArgentina @horaciorlarreta @Martin_M_Guzman Necesitan el prestigio internacional de Macri, jaja ja jaja ja, como van a votar eso........	Surprise	Surprise	Joy	Anger	Joy	Joy	Surprise	Neu	Pos
@CasaRosada @alferdezprensa Por favor se√±or presidente necesitamos ayuda en berazategui. El se√±or intendente no est√° controlando nada. Es un despilfarro. Abrio todo comercio hoy no hab√≠a polic√≠a . Un caos https://t.co/0CBOvnh2Tj	Fear	Anger	Fear	Fear	Joy	Joy	Fear	Neg	Pos
@CasaRosada Porque carajo no mejoran la econom√≠a en vez de hacer est√°s boludeces, ya parecen la URSS, pura inversi√≥n en armas nucleares y sat√©lites mientras que la poblaci√≥n se cagaba de hambre	Disgust	Anger	Anger	Disgust	Anger	Anger			Neg
@CasaRosada Ac√° el gana siempre es el banco! Deudas generadas! A ellos no se les dice Ahora les toca ganar menos?! A ellos le autorizaron un cr√©dito de 24%	Disgust	Anger	Anger	Anger	Fear	Fear	Anger	Neg	Neg
@CasaRosada @MinTrabajoAR Hola, consulta: la desinfecci√≥n, fumigaci√≥n y desratizaci√≥n de consorcios, comercios y locales est√°n exceptuados del aislamiento social obligatorio? Osea, entra dentro de higiene, limpieza y seguridad? #CuarentenaTotal	No emotion	No emotion	No emotion	No emotion	Surprise	Surprise	No emotion	Neu	Neu
@CasaRosada @alferdez Y LAS PYMES?????? SOY EMPLEADO DE COMERCIO Y NO ME VAN A PAGAR EL SUELDO. NO TIENEN UN MANGO!! TIREN UNA SOGA PARA LAS PEQUE√ëAS Y MEDIANAS EMPRESAS!!! SE VAN A FUNDIR Y VAMOS A SER MILES DE DESOCUPADOS!!!	Fear	Fear	Fear	Fear	Surprise	Surprise	Fear	Neg	Neu
@CasaRosada @alferdez Ministro de desarollo y su https://t.co/NtlXngYtZ4 es por el comercio como hacen los pocos que estan abiertos dejan entrar de a uno.o.poca gente a la vez y si es por la circulacion de gente entonces hay que seguir asi hasta el 21-09.	No emotion	Trust	No emotion	No emotion	Anger	Anger	No emotion	Neu	Neg
@CasaRosada @alferdez un presidente @alferdez , firme , equilibrado y justo , inflexible con los ventajeros poderosos, ,siento que me escucha , el sector financiero empezando por la banca publica tiene que poner el hombro, tanto en la atencion al publico y con las tarjetas de credito , juntos a la par	Trust	Trust	Joy	Trust	Fear	Fear	Trust	Pos	Neg
@CasaRosada @alferdez Los monotributistas C en adelante con comercio cerrado no podemos pagar impuestos y servicios.	Fear	Sadness	Disgust	No emotion	Disgust	Disgust			Neg
Alberto le propuso al G20 la creaci√≥n de un ‚ÄúFondo Mundial de Emergencia Humanitaria‚Äù @alferdez https://t.co/afLCIYLfpA https://t.co/I30Yh85rMs	No emotion	Trust	No emotion	No emotion	Trust	Trust	No emotion	Neu	Pos
@CasaRosada @alferdez Y los aut√≥nomos de categor√≠as c que hoy no pueden abrir sus comercios y no reciben ninguna ayuda???	Sadness	Sadness	Anger	Sadness	Fear	Fear	Sadness	Neg	Neg
@CasaRosada @alferdez sistema de turnos con prioridades PARA TODAS las actividades (bancos, cobranzas, tramites, etc) #turnos #implementarturnosya	Trust	No emotion	No emotion	Anger	Fear	Fear	No emotion	Neu	Neg
En pol√≠tica internacional, @alferdez dijo que: ‚ÄúNo digamos que nos importa la vida si condenamos a Cuba y Venezuela a semejante orfandad. Es una cuesti√≥n humanitaria exclusivamente‚Äù en referencia a la charla con el G20 https://t.co/1KuWpWatR4	No emotion	No emotion	No emotion	No emotion	Anger	Anger	No emotion	Neu	Neg
@CasaRosada @alferdez Hay que ser responsables en estos momentos hay bloqueo en el puente internacional que conecta Salvador Mazza con Bolivia perjudicando el libre paso mercader√≠as e insumos de exportaci√≥n e importaci√≥n que hace ante esto su gobierno se√±or @alferdez	Fear	Fear	Disgust	Disgust	Joy	Joy			Pos
@CasaRosada buen d√≠a!!! Necesitamos que incluyan a las librerias como comercio de necesidad, ya que las clases contin√∫an virtualmente y se necesitan √∫tiles para poder realizar las tareas. Gracias!	Fear	No emotion	Disgust	Joy	No emotion	No emotion			Neu
@CasaRosada @alferdez Presi si la curva afloja, desde el 1/04 ya podr√≠an liberarse comercios minoristas (excepto bares y restaurantes) y cuentapropistas unipersonales..	No emotion	Trust	No emotion	Trust	Anger	Anger			Neg
"""El presidente @alferdez propuso al #G20 crear un Fondo Mundial de Emergencia Humanitaria. """"Si el dilema es la econom√≠a o la vida, yo elijo la vida"""".üëè‚ù§üá¶üá∑ #ArgentinaUnida @JorArguello https://t.co/mcXNxgvVHm"""	Trust	Trust	No emotion	Trust	Anger	Anger	Trust	Pos	Neg
