text	EmotionES-Axel	EmotionES-Ana	EmotionES-Fernando	EmotionES-Mauro	EmotionES-Machine	EmotionES-Humans	PNNES-Humans
duplicar inversi√≥n compra libros bibliotecas populares acceso cultura lectura derecho argentinos Conoc√©	Trust	Trust	No emotion	Trust	Fear	Trust	Pos
Disculpe lomas comercios alimentos mascotas quedando stock xq dejan circular consideran esencial desidia mentira seren√≠sima ENTREGA LECHE LOMAS LACTEOS PRECIOS NUBESaumentosadiario	Anger	Anger	Fear	Sadness	Anger	Anger	Neg
¬ø no llamamiento internacional liberaci√≥n presos pol√≠ticos riesgos mayores cr√≠menes s√°dica Delcy panorama t√©trico	Surprise	Fear	Disgust	Fear	Trust	Fear	Neg
acordar empleados comercio eh brindamos beneficio contagiamos cuarentena SE√ëOR PRESIDENTE	Anger	Anger	Anger	Disgust	Trust	Anger	Neg
comercios permitidos siguen trabajando sociedad aprovechando precios	Sadness	Anger	Sadness	Anger	Anger		
deber√≠a aprovechar feriado decretar cierre comercios transportes abren shoppings supermercados llenan bolas fuerza argentino entiende	Fear	Anger	Disgust	Anger	Trust	Anger	Neg
necesario posnet obligatorio comercios chicos pcia Aires evitar colas cajeros encontrarse dinero procurarselo colas bancos	Fear	Fear	No emotion	Fear	Anger	Fear	Neg
presidente Alberto Fern√°ndez dialog√≥ vicepresidente Banco Mundial comunic√≥ organismo brindar√° apoyo presupuestario Argentina 300 millones d√≥lares	No emotion	Trust	No emotion	No emotion	Disgust	No emotion	Neu
Necesitan prestigio internacional Macri jaja ja jaja ja votar	Surprise	Surprise	Joy	Anger	Joy	Surprise	Neu
favor se√±or presidente necesitamos ayuda berazategui se√±or intendente controlando despilfarro Abrio comercio polic√≠a caos	Fear	Anger	Fear	Fear	Trust	Fear	Neg
carajo mejoran econom√≠a est√°s boludeces parecen URSS pura inversi√≥n armas nucleares sat√©lites poblaci√≥n cagaba hambre	Disgust	Anger	Anger	Disgust	Disgust		
Ac√° gana banco ! Deudas generadas ! toca ganar menos ? ! autorizaron cr√©dito 24	Disgust	Anger	Anger	Anger	Sadness	Anger	Neg
Hola consulta desinfecci√≥n fumigaci√≥n desratizaci√≥n consorcios comercios locales exceptuados aislamiento social obligatorio ? Osea entra higiene limpieza seguridad ?	No emotion	No emotion	No emotion	No emotion	Anger	No emotion	Neu
PYMES ? ? ? ? ? ? EMPLEADO COMERCIO PAGAR SUELDO MANGO ! ! TIREN SOGA PEQUE√ëAS MEDIANAS EMPRESAS ! ! ! FUNDIR MILES DESOCUPADOS ! ! !	Fear	Fear	Fear	Fear	Disgust	Fear	Neg
Ministro desarollo	No emotion	Trust	No emotion	No emotion	Anger	No emotion	Neu
presidente firme equilibrado justo inflexible ventajeros poderosos siento escucha sector financiero empezando banca publica hombro atencion publico tarjetas credito juntos par	Trust	Trust	Joy	Trust	Disgust	Trust	Pos
monotributistas comercio cerrado pagar impuestos servicios	Fear	Sadness	Disgust	No emotion	Disgust		
Alberto propuso G20 creaci√≥n Fondo Mundial Emergencia Humanitaria	No emotion	Trust	No emotion	No emotion	Disgust	No emotion	Neu
aut√≥nomos categor√≠as abrir comercios reciben ayuda ? ? ?	Sadness	Sadness	Anger	Sadness	Anger	Sadness	Neg
sistema turnos prioridades actividades bancos cobranzas tramites etc	Trust	No emotion	No emotion	Anger	Anger	No emotion	Neu
pol√≠tica internacional digamos importa vida condenamos Cuba Venezuela semejante orfandad cuesti√≥n humanitaria exclusivamente referencia charla G20	No emotion	No emotion	No emotion	No emotion	No emotion	No emotion	Neu
responsables momentos bloqueo puente internacional conecta Salvador Mazza Bolivia perjudicando libre paso mercader√≠as insumos exportaci√≥n importaci√≥n gobierno se√±or	Fear	Fear	Disgust	Disgust	Surprise		
d√≠a ! ! ! Necesitamos incluyan librerias comercio necesidad clases contin√∫an virtualmente necesitan √∫tiles tareas Gracias !	Fear	No emotion	Disgust	Joy	Joy		
Presi curva afloja 1/04 liberarse comercios minoristas bares restaurantes cuentapropistas unipersonales	No emotion	Trust	No emotion	Trust	Anger		
presidente propuso crear Fondo Mundial Emergencia Humanitaria dilema econom√≠a vida elijo vida üëè ‚ù§ üá¶ üá∑	Trust	Trust	No emotion	Trust	Disgust	Trust	Pos
