text	EmotionES-Axel	EmotionES-Ana	EmotionES-Fernando	EmotionES-Mauro	EmotionES-Machine	EmotionES-Humans	PNNES-Humans	PNNES-Machine
duplicar inversi√≥n compra libros bibliotecas populares acceso cultura lectura derecho argentinos Conoc√©	Trust	Trust	No emotion	Trust	Pos	Trust	Pos	Pos
Disculpe lomas comercios alimentos mascotas quedando stock xq dejan circular consideran esencial desidia mentira seren√≠sima ENTREGA LECHE LOMAS LACTEOS PRECIOS NUBESaumentosadiario	Anger	Anger	Fear	Sadness	Neu	Anger	Neg	Neu
¬ø no llamamiento internacional liberaci√≥n presos pol√≠ticos riesgos mayores cr√≠menes s√°dica Delcy panorama t√©trico	Surprise	Fear	Disgust	Fear	Neg	Fear	Neg	Neg
acordar empleados comercio eh brindamos beneficio contagiamos cuarentena SE√ëOR PRESIDENTE	Anger	Anger	Anger	Disgust	Neg	Anger	Neg	Neg
comercios permitidos siguen trabajando sociedad aprovechando precios	Sadness	Anger	Sadness	Anger	Pos			Pos
deber√≠a aprovechar feriado decretar cierre comercios transportes abren shoppings supermercados llenan bolas fuerza argentino entiende	Fear	Anger	Disgust	Anger	Neg	Anger	Neg	Neg
necesario posnet obligatorio comercios chicos pcia Aires evitar colas cajeros encontrarse dinero procurarselo colas bancos	Fear	Fear	No emotion	Fear	Neg	Fear	Neg	Neg
presidente Alberto Fern√°ndez dialog√≥ vicepresidente Banco Mundial comunic√≥ organismo brindar√° apoyo presupuestario Argentina 300 millones d√≥lares	No emotion	Trust	No emotion	No emotion	Neu	No emotion	Neu	Neu
Necesitan prestigio internacional Macri jaja ja jaja ja votar	Surprise	Surprise	Joy	Anger	Neu	Surprise	Neu	Neu
favor se√±or presidente necesitamos ayuda berazategui se√±or intendente controlando despilfarro Abrio comercio polic√≠a caos	Fear	Anger	Fear	Fear	Pos	Fear	Neg	Pos
carajo mejoran econom√≠a est√°s boludeces parecen URSS pura inversi√≥n armas nucleares sat√©lites poblaci√≥n cagaba hambre	Disgust	Anger	Anger	Disgust	Neg			Neg
Ac√° gana banco ! Deudas generadas ! toca ganar menos ? ! autorizaron cr√©dito 24	Disgust	Anger	Anger	Anger	Pos	Anger	Neg	Pos
Hola consulta desinfecci√≥n fumigaci√≥n desratizaci√≥n consorcios comercios locales exceptuados aislamiento social obligatorio ? Osea entra higiene limpieza seguridad ?	No emotion	No emotion	No emotion	No emotion	Neg	No emotion	Neu	Neg
PYMES ? ? ? ? ? ? EMPLEADO COMERCIO PAGAR SUELDO MANGO ! ! TIREN SOGA PEQUE√ëAS MEDIANAS EMPRESAS ! ! ! FUNDIR MILES DESOCUPADOS ! ! !	Fear	Fear	Fear	Fear	Pos	Fear	Neg	Pos
Ministro desarollo	No emotion	Trust	No emotion	No emotion	Pos	No emotion	Neu	Pos
presidente firme equilibrado justo inflexible ventajeros poderosos siento escucha sector financiero empezando banca publica hombro atencion publico tarjetas credito juntos par	Trust	Trust	Joy	Trust	Pos	Trust	Pos	Pos
monotributistas comercio cerrado pagar impuestos servicios	Fear	Sadness	Disgust	No emotion	Neg			Neg
Alberto propuso G20 creaci√≥n Fondo Mundial Emergencia Humanitaria	No emotion	Trust	No emotion	No emotion	Neu	No emotion	Neu	Neu
aut√≥nomos categor√≠as abrir comercios reciben ayuda ? ? ?	Sadness	Sadness	Anger	Sadness	Pos	Sadness	Neg	Pos
sistema turnos prioridades actividades bancos cobranzas tramites etc	Trust	No emotion	No emotion	Anger	Neg	No emotion	Neu	Neg
pol√≠tica internacional digamos importa vida condenamos Cuba Venezuela semejante orfandad cuesti√≥n humanitaria exclusivamente referencia charla G20	No emotion	No emotion	No emotion	No emotion	Neu	No emotion	Neu	Neu
responsables momentos bloqueo puente internacional conecta Salvador Mazza Bolivia perjudicando libre paso mercader√≠as insumos exportaci√≥n importaci√≥n gobierno se√±or	Fear	Fear	Disgust	Disgust	Pos			Pos
d√≠a ! ! ! Necesitamos incluyan librerias comercio necesidad clases contin√∫an virtualmente necesitan √∫tiles tareas Gracias !	Fear	No emotion	Disgust	Joy	Pos			Pos
Presi curva afloja 1/04 liberarse comercios minoristas bares restaurantes cuentapropistas unipersonales	No emotion	Trust	No emotion	Trust	Neg			Neg
presidente propuso crear Fondo Mundial Emergencia Humanitaria dilema econom√≠a vida elijo vida üëè ‚ù§ üá¶ üá∑	Trust	Trust	No emotion	Trust	Neg	Trust	Pos	Neg
